{"version": 1, "sample_rate": 44100, "chunk_size": 1024, "spectrum": [0.25084465742111206, 0.6400114893913269, 0.5102238655090332, 0.25278422236442566, 0.23412775993347168, 0.23256756365299225, 0.11308889836072922, 0.10869158059358597, 0.08823350816965103, 0.04383836314082146, 0.05040422081947327, 0.04373732954263687, 0.02803085930645466, 0.0354473851621151, 0.03739681467413902, 0.025294771417975426, 0.023396410048007965, 0.024417316541075706, 0.022081127390265465, 0.01992439292371273, 0.017829064279794693, 0.025129755958914757, 0.018551692366600037, 0.02345225214958191, 0.0151490718126297, 0.031210238113999367, 0.011558444239199162, 0.017970291897654533, 0.016804302111268044, 0.028766529634594917, 0.015200474299490452, 0.026063133031129837, 0.019014548510313034, 0.028130225837230682, 0.00888030044734478, 0.017986107617616653, 0.014526854269206524, 0.008933472447097301, 0.012625982984900475, 0.012729601934552193, 0.013542776927351952, 0.009751851670444012, 0.012346470728516579, 0.013354042544960976, 0.016490552574396133, 0.007642434444278479, 0.010948198847472668, 0.00898138340562582, 0.015230925753712654, 0.014447484165430069, 0.010403435677289963, 0.013813447207212448, 0.006767935585230589, 0.01431145891547203, 0.010027888230979443, 0.00907133799046278, 0.008657933212816715, 0.011763755232095718, 0.007233668118715286, 0.004555892199277878, 0.010652381926774979, 0.008997667580842972, 0.009938864037394524, 0.005927211605012417, 0.006293674930930138, 0.005859609693288803, 0.00898255780339241, 0.007739295717328787, 0.008289081044495106, 0.007763890083879232, 0.005742786452174187, 0.004892976488918066, 0.008281008340418339, 0.005877893418073654, 0.004834558814764023, 0.00643937150016427, 0.007467498537153006, 0.004966361913830042, 0.005118171684443951, 0.005154919810593128, 0.009106124751269817, 0.00767367472872138, 0.006239782553166151, 0.005441718734800816, 0.0051051657646894455, 0.006337409373372793, 0.006586997304111719, 0.006824894342571497, 0.005521202925592661, 0.004359335172921419, 0.006956110708415508, 0.008543296717107296, 0.009685865603387356, 0.004536244552582502, 0.004340515937656164, 0.005037335213273764, 0.00532816955819726, 0.004945270251482725, 0.005318746902048588, 0.005793347023427486, 0.0036583691835403442, 0.007090209051966667, 0.0050025335513055325, 0.0034677996300160885, 0.004394123330712318, 0.003611408406868577, 0.005511610768735409, 0.004903099033981562, 0.005147209856659174, 0.0046768817119300365, 0.0035069468431174755, 0.003979183267802, 0.004617192782461643, 0.003426568116992712, 0.003294006222859025, 0.004164863843470812, 0.003906948957592249, 0.0047273049131035805, 0.0034505892544984818, 0.004529641475528479, 0.006364875473082066, 0.005594045855104923, 0.003966427408158779, 0.005347856320440769, 0.004083029925823212, 0.0037713670171797276, 0.003563849488273263, 0.004971069749444723, 0.003932685125619173, 0.00495464401319623, 0.005678854882717133, 0.004302837420254946, 0.004498789086937904, 0.004082146566361189, 0.0044107032008469105, 0.0055967820808291435, 0.006171912886202335, 0.00377813377417624, 0.004883868154138327, 0.004525007214397192, 0.004257426131516695, 0.0038756176363676786, 0.004806648939847946, 0.003151632146909833, 0.0036718195769935846, 0.003675909247249365, 0.002720400458201766, 0.0036302513908594847, 0.005499342456459999, 0.0030444643925875425, 0.005148740019649267, 0.0034082625061273575, 0.003475553821772337, 0.004171352367848158, 0.003640771610662341, 0.0034069684334099293, 0.005241513252258301, 0.003915947396308184, 0.002584471134468913, 0.0043722959235310555, 0.006630910560488701, 0.004127487540245056, 0.0042052133940160275, 0.004709851928055286, 0.006823918782174587, 0.002851781202480197, 0.0031586429104208946, 0.00535575533285737, 0.004290001001209021, 0.004204818978905678, 0.004356974270194769, 0.004479594994336367, 0.004685439635068178, 0.0020853858441114426, 0.005588946398347616, 0.004462717100977898, 0.002821276430040598, 0.005321326665580273, 0.0034760625567287207, 0.0033029585611075163, 0.00460509117692709, 0.005440046079456806, 0.005809387657791376, 0.004361835308372974, 0.004763205535709858, 0.0026683800388127565, 0.005756857804954052, 0.00800488330423832, 0.00548342103138566, 0.0035041705705225468, 0.0022809775546193123, 0.0052896663546562195, 0.004547074902802706, 0.006883097346872091, 0.004684267565608025, 0.003515788819640875, 0.00342586194165051, 0.0029015832114964724, 0.0038366031367331743, 0.004320256877690554, 0.003531381255015731, 0.0050396001897752285, 0.004689469002187252, 0.007065286859869957, 0.004110109061002731, 0.004989504814147949, 0.004357449244707823, 0.00635194918140769, 0.006529322825372219, 0.006455622613430023, 0.005819359328597784, 0.007572337985038757, 0.0074069080874323845, 0.009472599253058434, 0.008424976840615273, 0.008892783895134926, 0.007678976282477379, 0.00964336283504963, 0.009355396032333374, 0.01054648868739605, 0.009124946780502796, 0.006278333254158497, 0.009592445567250252, 0.013306747190654278, 0.009759260341525078, 0.012158594094216824, 0.011164897121489048, 0.012601631693542004, 0.015371102839708328, 0.01688436232507229, 0.021227944642305374, 0.016583377495408058, 0.015560309402644634, 0.011741789989173412, 0.01391979493200779, 0.018237395212054253, 0.016590077430009842, 0.013183441944420338, 0.013732356950640678, 0.012638186104595661, 0.01092447992414236, 0.013953665271401405, 0.019022058695554733, 0.02204171195626259, 0.01353489514440298, 0.014076272025704384, 0.01405753567814827, 0.021663643419742584, 0.022354746237397194, 0.02357160858809948, 0.020209528505802155, 0.019118845462799072, 0.015630004927515984, 0.011959755793213844, 0.014479088596999645, 0.014459684491157532, 0.020434778183698654, 0.02379336953163147, 0.02914811670780182, 0.028762701898813248, 0.024571754038333893, 0.02379421330988407, 0.020053688436746597, 0.021143754944205284, 0.021941492334008217, 0.015314893797039986, 0.019730081781744957, 0.016698753461241722, 0.013538423925638199, 0.012635614722967148, 0.015086453408002853, 0.015391355380415916, 0.012964497320353985, 0.0176389217376709, 0.014622224494814873, 0.012535521760582924, 0.010373467579483986, 0.012310647405683994, 0.01020564790815115, 0.010271553881466389, 0.01255939994007349, 0.007160970009863377, 0.007628889288753271, 0.01281770784407854, 0.01122957468032837, 0.015514661557972431, 0.01660146564245224, 0.011077212169766426, 0.016005175188183784, 0.013300558552145958, 0.017479002475738525, 0.016339851543307304, 0.01698872819542885, 0.012032908387482166, 0.013666602782905102, 0.01812051795423031, 0.013564534485340118, 0.01147237978875637, 0.011225688271224499, 0.014834419824182987, 0.0163568202406168, 0.018198829144239426, 0.01848311349749565, 0.021486887708306313, 0.021687572821974754, 0.021758127957582474, 0.024009788408875465, 0.01805073209106922, 0.016464384272694588, 0.016001153737306595, 0.01893296092748642, 0.021531442180275917, 0.01729607582092285, 0.015177312307059765, 0.014040132984519005, 0.015411735512316227, 0.01566401496529579, 0.013357849791646004, 0.013550082221627235, 0.015585355460643768, 0.01937224343419075, 0.016384752467274666, 0.020037736743688583, 0.021625179797410965, 0.017957298085093498, 0.017079586163163185, 0.021339530125260353, 0.019065774977207184, 0.01312733069062233, 0.012160710990428925, 0.014215869829058647, 0.009977965615689754, 0.005259913858026266, 0.005140842869877815, 0.008946660906076431, 0.008030581288039684, 0.0082551259547472, 0.006140679586678743, 0.00706072524189949, 0.009812599048018456, 0.009258061647415161, 0.008355394005775452, 0.008429126814007759, 0.006070297677069902, 0.004806140903383493, 0.009357454255223274, 0.008558085188269615, 0.007518524304032326, 0.008276723325252533, 0.009340542368590832, 0.007747184485197067, 0.005111995618790388, 0.008385157212615013, 0.00814618356525898, 0.009185375645756721, 0.007151005789637566, 0.006373019888997078, 0.006764809135347605, 0.0033361250534653664, 0.00454324996098876, 0.0039908550679683685, 0.004645722918212414, 